<?xml version="1.0" encoding="UTF-8"?>
<!DOCTYPE mapper
	PUBLIC "-//mybatis.org//DTD Mapper 3.0//EN"
	"http://mybatis.org/dtd/mybatis-3-mapper.dtd">
<mapper namespace="com.skylaon.mapper.GuestMapper">
	<select id="getList" resultType="com.skylaon.domain.GuestVO">
		SELECT * FROM TBL_GUEST
	</select>
	<select id="read" resultType="com.skylaon.domain.GuestVO">
		SELECT * FROM TBL_GUEST WHERE BNO = #{bno}
	</select>
	<delete id="del">
		DELETE FROM TBL_GUEST WHERE BNO = #{bno}
	</delete>
	<insert id="write">
		INSERT INTO TBL_GUEST (BTEXT) VALUES (#{btext})
	</insert>
	<update id="modify">
		UPDATE TBL_GUEST SET BTEXT = #{btext} WHERE BNO = #{bno}
	</update>	
</mapper>